stage,gain,candidate_key,scenario_count,rejected,rejection_reasons,final_score,inner_loop_aggregate,integrated_loiter_aggregate,worst_scenario_score,scenario_mean_score,mean_vane_command_rms_deg,mean_vane_total_variation_deg,mean_moving_mass_rms_displacement_m,mean_moving_mass_total_travel_m,worst_asymmetry_fraction,scenario_scores_json,symmetry_json,rank
stage0_gain_zero,0.0,gain=0.00000000,7,False,,1.5,1.5,1.5,1.0,1.0,0.7324137788938853,34.517019466703736,0.0,0.0,0.0,"{""backward_1m"":1.0,""forward_1m"":1.0,""loiter_negative_disturbance"":1.0,""loiter_positive_disturbance"":1.0,""pitch_negative_recovery"":1.0,""pitch_positive_recovery"":1.0,""stick_release"":1.0}","{""forward_1m__backward_1m__final_abs_position_error_m"":0.0,""forward_1m__backward_1m__moving_mass_rms_displacement_m"":0.0,""forward_1m__backward_1m__position_overshoot_m"":0.0,""forward_1m__backward_1m__tail_path_length_m"":0.0,""forward_1m__backward_1m__tail_rms_horizontal_velocity_m_s"":0.0,""forward_1m__backward_1m__tail_rms_pitch_deg"":0.0,""forward_1m__backward_1m__tail_rms_pitch_rate_deg_s"":0.0,""forward_1m__backward_1m__vane_command_rms_deg"":0.0,""loiter_positive_disturbance__loiter_negative_disturbance__final_abs_position_error_m"":0.0,""loiter_positive_disturbance__loiter_negative_disturbance__moving_mass_rms_displacement_m"":0.0,""loiter_positive_disturbance__loiter_negative_disturbance__position_overshoot_m"":0.0,""loiter_positive_disturbance__loiter_negative_disturbance__tail_path_length_m"":0.0,""loiter_positive_disturbance__loiter_negative_disturbance__tail_rms_horizontal_velocity_m_s"":0.0,""loiter_positive_disturbance__loiter_negative_disturbance__tail_rms_pitch_deg"":0.0,""loiter_positive_disturbance__loiter_negative_disturbance__tail_rms_pitch_rate_deg_s"":0.0,""loiter_positive_disturbance__loiter_negative_disturbance__vane_command_rms_deg"":0.0,""pitch_positive_recovery__pitch_negative_recovery__final_abs_position_error_m"":0.0,""pitch_positive_recovery__pitch_negative_recovery__moving_mass_rms_displacement_m"":0.0,""pitch_positive_recovery__pitch_negative_recovery__position_overshoot_m"":0.0,""pitch_positive_recovery__pitch_negative_recovery__tail_path_length_m"":0.0,""pitch_positive_recovery__pitch_negative_recovery__tail_rms_horizontal_velocity_m_s"":0.0,""pitch_positive_recovery__pitch_negative_recovery__tail_rms_pitch_deg"":0.0,""pitch_positive_recovery__pitch_negative_recovery__tail_rms_pitch_rate_deg_s"":0.0,""pitch_positive_recovery__pitch_negative_recovery__vane_command_rms_deg"":0.0}",
stage1_coarse,0.0,gain=0.00000000,7,False,,1.5,1.5,1.5,1.0,1.0,0.7324137788938853,34.517019466703736,0.0,0.0,0.0,"{""backward_1m"":1.0,""forward_1m"":1.0,""loiter_negative_disturbance"":1.0,""loiter_positive_disturbance"":1.0,""pitch_negative_recovery"":1.0,""pitch_positive_recovery"":1.0,""stick_release"":1.0}","{""forward_1m__backward_1m__final_abs_position_error_m"":0.0,""forward_1m__backward_1m__moving_mass_rms_displacement_m"":0.0,""forward_1m__backward_1m__position_overshoot_m"":0.0,""forward_1m__backward_1m__tail_path_length_m"":0.0,""forward_1m__backward_1m__tail_rms_horizontal_velocity_m_s"":0.0,""forward_1m__backward_1m__tail_rms_pitch_deg"":0.0,""forward_1m__backward_1m__tail_rms_pitch_rate_deg_s"":0.0,""forward_1m__backward_1m__vane_command_rms_deg"":0.0,""loiter_positive_disturbance__loiter_negative_disturbance__final_abs_position_error_m"":0.0,""loiter_positive_disturbance__loiter_negative_disturbance__moving_mass_rms_displacement_m"":0.0,""loiter_positive_disturbance__loiter_negative_disturbance__position_overshoot_m"":0.0,""loiter_positive_disturbance__loiter_negative_disturbance__tail_path_length_m"":0.0,""loiter_positive_disturbance__loiter_negative_disturbance__tail_rms_horizontal_velocity_m_s"":0.0,""loiter_positive_disturbance__loiter_negative_disturbance__tail_rms_pitch_deg"":0.0,""loiter_positive_disturbance__loiter_negative_disturbance__tail_rms_pitch_rate_deg_s"":0.0,""loiter_positive_disturbance__loiter_negative_disturbance__vane_command_rms_deg"":0.0,""pitch_positive_recovery__pitch_negative_recovery__final_abs_position_error_m"":0.0,""pitch_positive_recovery__pitch_negative_recovery__moving_mass_rms_displacement_m"":0.0,""pitch_positive_recovery__pitch_negative_recovery__position_overshoot_m"":0.0,""pitch_positive_recovery__pitch_negative_recovery__tail_path_length_m"":0.0,""pitch_positive_recovery__pitch_negative_recovery__tail_rms_horizontal_velocity_m_s"":0.0,""pitch_positive_recovery__pitch_negative_recovery__tail_rms_pitch_deg"":0.0,""pitch_positive_recovery__pitch_negative_recovery__tail_rms_pitch_rate_deg_s"":0.0,""pitch_positive_recovery__pitch_negative_recovery__vane_command_rms_deg"":0.0}",1
stage1_coarse,0.025,gain=0.02500000,7,True,moving_mass_saturation; moving_mass_acceleration_limit,inf,0.7754387630227921,1.2701138867315116,0.9752444579327862,0.7066252342175213,0.5969576006359417,21.25075406158211,0.0005869319979667003,0.019451165080231727,0.0,"{""backward_1m"":0.9752444579327862,""forward_1m"":0.9752444579327862,""loiter_negative_disturbance"":0.5881262074648652,""loiter_positive_disturbance"":0.5881262074648652,""pitch_negative_recovery"":0.5169591753485281,""pitch_positive_recovery"":0.5169591753485281,""stick_release"":0.7857169580302892}","{""forward_1m__backward_1m__final_abs_position_error_m"":0.0,""forward_1m__backward_1m__moving_mass_rms_displacement_m"":0.0,""forward_1m__backward_1m__position_overshoot_m"":0.0,""forward_1m__backward_1m__tail_path_length_m"":0.0,""forward_1m__backward_1m__tail_rms_horizontal_velocity_m_s"":0.0,""forward_1m__backward_1m__tail_rms_pitch_deg"":0.0,""forward_1m__backward_1m__tail_rms_pitch_rate_deg_s"":0.0,""forward_1m__backward_1m__vane_command_rms_deg"":0.0,""loiter_positive_disturbance__loiter_negative_disturbance__final_abs_position_error_m"":0.0,""loiter_positive_disturbance__loiter_negative_disturbance__moving_mass_rms_displacement_m"":0.0,""loiter_positive_disturbance__loiter_negative_disturbance__position_overshoot_m"":0.0,""loiter_positive_disturbance__loiter_negative_disturbance__tail_path_length_m"":0.0,""loiter_positive_disturbance__loiter_negative_disturbance__tail_rms_horizontal_velocity_m_s"":0.0,""loiter_positive_disturbance__loiter_negative_disturbance__tail_rms_pitch_deg"":0.0,""loiter_positive_disturbance__loiter_negative_disturbance__tail_rms_pitch_rate_deg_s"":0.0,""loiter_positive_disturbance__loiter_negative_disturbance__vane_command_rms_deg"":0.0,""pitch_positive_recovery__pitch_negative_recovery__final_abs_position_error_m"":0.0,""pitch_positive_recovery__pitch_negative_recovery__moving_mass_rms_displacement_m"":0.0,""pitch_positive_recovery__pitch_negative_recovery__position_overshoot_m"":0.0,""pitch_positive_recovery__pitch_negative_recovery__tail_path_length_m"":0.0,""pitch_positive_recovery__pitch_negative_recovery__tail_rms_horizontal_velocity_m_s"":0.0,""pitch_positive_recovery__pitch_negative_recovery__tail_rms_pitch_deg"":0.0,""pitch_positive_recovery__pitch_negative_recovery__tail_rms_pitch_rate_deg_s"":0.0,""pitch_positive_recovery__pitch_negative_recovery__vane_command_rms_deg"":0.0}",
stage1_coarse,0.05,gain=0.05000000,7,True,moving_mass_saturation; moving_mass_acceleration_limit,inf,0.7907857409244166,0.7162554071696103,0.527190493949611,0.47728743425172276,0.5874687637500261,21.521822160330142,0.0011338560397958026,0.03595660448683733,0.0,"{""backward_1m"":0.5178583935940858,""forward_1m"":0.5178583935940858,""loiter_negative_disturbance"":0.3913047864010041,""loiter_positive_disturbance"":0.3913047864010041,""pitch_negative_recovery"":0.527190493949611,""pitch_positive_recovery"":0.527190493949611,""stick_release"":0.46830469187265783}","{""forward_1m__backward_1m__final_abs_position_error_m"":0.0,""forward_1m__backward_1m__moving_mass_rms_displacement_m"":0.0,""forward_1m__backward_1m__position_overshoot_m"":0.0,""forward_1m__backward_1m__tail_path_length_m"":0.0,""forward_1m__backward_1m__tail_rms_horizontal_velocity_m_s"":0.0,""forward_1m__backward_1m__tail_rms_pitch_deg"":0.0,""forward_1m__backward_1m__tail_rms_pitch_rate_deg_s"":0.0,""forward_1m__backward_1m__vane_command_rms_deg"":0.0,""loiter_positive_disturbance__loiter_negative_disturbance__final_abs_position_error_m"":0.0,""loiter_positive_disturbance__loiter_negative_disturbance__moving_mass_rms_displacement_m"":0.0,""loiter_positive_disturbance__loiter_negative_disturbance__position_overshoot_m"":0.0,""loiter_positive_disturbance__loiter_negative_disturbance__tail_path_length_m"":0.0,""loiter_positive_disturbance__loiter_negative_disturbance__tail_rms_horizontal_velocity_m_s"":0.0,""loiter_positive_disturbance__loiter_negative_disturbance__tail_rms_pitch_deg"":0.0,""loiter_positive_disturbance__loiter_negative_disturbance__tail_rms_pitch_rate_deg_s"":0.0,""loiter_positive_disturbance__loiter_negative_disturbance__vane_command_rms_deg"":0.0,""pitch_positive_recovery__pitch_negative_recovery__final_abs_position_error_m"":0.0,""pitch_positive_recovery__pitch_negative_recovery__moving_mass_rms_displacement_m"":0.0,""pitch_positive_recovery__pitch_negative_recovery__position_overshoot_m"":0.0,""pitch_positive_recovery__pitch_negative_recovery__tail_path_length_m"":0.0,""pitch_positive_recovery__pitch_negative_recovery__tail_rms_horizontal_velocity_m_s"":0.0,""pitch_positive_recovery__pitch_negative_recovery__tail_rms_pitch_deg"":0.0,""pitch_positive_recovery__pitch_negative_recovery__tail_rms_pitch_rate_deg_s"":0.0,""pitch_positive_recovery__pitch_negative_recovery__vane_command_rms_deg"":0.0}",
stage1_coarse,0.075,gain=0.07500000,7,True,moving_mass_saturation; moving_mass_acceleration_limit,inf,0.6563329403682221,1.7043284568054275,1.4162791152838965,0.8365792975678608,0.6873889356742513,28.767204004840345,0.00208202550290569,0.07495154535628075,0.0,"{""backward_1m"":1.4162791152838965,""forward_1m"":1.4162791152838965,""loiter_negative_disturbance"":0.7310639052060882,""loiter_positive_disturbance"":0.7310639052060882,""pitch_negative_recovery"":0.43755529357881473,""pitch_positive_recovery"":0.43755529357881473,""stick_release"":0.6862584548374269}","{""forward_1m__backward_1m__final_abs_position_error_m"":0.0,""forward_1m__backward_1m__moving_mass_rms_displacement_m"":0.0,""forward_1m__backward_1m__position_overshoot_m"":0.0,""forward_1m__backward_1m__tail_path_length_m"":0.0,""forward_1m__backward_1m__tail_rms_horizontal_velocity_m_s"":0.0,""forward_1m__backward_1m__tail_rms_pitch_deg"":0.0,""forward_1m__backward_1m__tail_rms_pitch_rate_deg_s"":0.0,""forward_1m__backward_1m__vane_command_rms_deg"":0.0,""loiter_positive_disturbance__loiter_negative_disturbance__final_abs_position_error_m"":0.0,""loiter_positive_disturbance__loiter_negative_disturbance__moving_mass_rms_displacement_m"":0.0,""loiter_positive_disturbance__loiter_negative_disturbance__position_overshoot_m"":0.0,""loiter_positive_disturbance__loiter_negative_disturbance__tail_path_length_m"":0.0,""loiter_positive_disturbance__loiter_negative_disturbance__tail_rms_horizontal_velocity_m_s"":0.0,""loiter_positive_disturbance__loiter_negative_disturbance__tail_rms_pitch_deg"":0.0,""loiter_positive_disturbance__loiter_negative_disturbance__tail_rms_pitch_rate_deg_s"":0.0,""loiter_positive_disturbance__loiter_negative_disturbance__vane_command_rms_deg"":0.0,""pitch_positive_recovery__pitch_negative_recovery__final_abs_position_error_m"":0.0,""pitch_positive_recovery__pitch_negative_recovery__moving_mass_rms_displacement_m"":0.0,""pitch_positive_recovery__pitch_negative_recovery__position_overshoot_m"":0.0,""pitch_positive_recovery__pitch_negative_recovery__tail_path_length_m"":0.0,""pitch_positive_recovery__pitch_negative_recovery__tail_rms_horizontal_velocity_m_s"":0.0,""pitch_positive_recovery__pitch_negative_recovery__tail_rms_pitch_deg"":0.0,""pitch_positive_recovery__pitch_negative_recovery__tail_rms_pitch_rate_deg_s"":0.0,""pitch_positive_recovery__pitch_negative_recovery__vane_command_rms_deg"":0.0}",
stage1_coarse,0.1,gain=0.10000000,7,True,moving_mass_saturation; moving_mass_acceleration_limit,inf,1.7950271958373647,1.1089379564722583,1.1966847972249097,0.8429550574304073,0.873051512468919,52.750394335125826,0.003498602073672242,0.20109886460786744,0.0,"{""backward_1m"":0.8149495899193037,""forward_1m"":0.8149495899193037,""loiter_negative_disturbance"":0.5628399395554695,""loiter_positive_disturbance"":0.5628399395554695,""pitch_negative_recovery"":1.1966847972249097,""pitch_positive_recovery"":1.1966847972249097,""stick_release"":0.7517367486134863}","{""forward_1m__backward_1m__final_abs_position_error_m"":0.0,""forward_1m__backward_1m__moving_mass_rms_displacement_m"":0.0,""forward_1m__backward_1m__position_overshoot_m"":0.0,""forward_1m__backward_1m__tail_path_length_m"":0.0,""forward_1m__backward_1m__tail_rms_horizontal_velocity_m_s"":0.0,""forward_1m__backward_1m__tail_rms_pitch_deg"":0.0,""forward_1m__backward_1m__tail_rms_pitch_rate_deg_s"":0.0,""forward_1m__backward_1m__vane_command_rms_deg"":0.0,""loiter_positive_disturbance__loiter_negative_disturbance__final_abs_position_error_m"":0.0,""loiter_positive_disturbance__loiter_negative_disturbance__moving_mass_rms_displacement_m"":0.0,""loiter_positive_disturbance__loiter_negative_disturbance__position_overshoot_m"":0.0,""loiter_positive_disturbance__loiter_negative_disturbance__tail_path_length_m"":0.0,""loiter_positive_disturbance__loiter_negative_disturbance__tail_rms_horizontal_velocity_m_s"":0.0,""loiter_positive_disturbance__loiter_negative_disturbance__tail_rms_pitch_deg"":0.0,""loiter_positive_disturbance__loiter_negative_disturbance__tail_rms_pitch_rate_deg_s"":0.0,""loiter_positive_disturbance__loiter_negative_disturbance__vane_command_rms_deg"":0.0,""pitch_positive_recovery__pitch_negative_recovery__final_abs_position_error_m"":0.0,""pitch_positive_recovery__pitch_negative_recovery__moving_mass_rms_displacement_m"":0.0,""pitch_positive_recovery__pitch_negative_recovery__position_overshoot_m"":0.0,""pitch_positive_recovery__pitch_negative_recovery__tail_path_length_m"":0.0,""pitch_positive_recovery__pitch_negative_recovery__tail_rms_horizontal_velocity_m_s"":0.0,""pitch_positive_recovery__pitch_negative_recovery__tail_rms_pitch_deg"":0.0,""pitch_positive_recovery__pitch_negative_recovery__tail_rms_pitch_rate_deg_s"":0.0,""pitch_positive_recovery__pitch_negative_recovery__vane_command_rms_deg"":0.0}",
stage1_coarse,0.125,gain=0.12500000,7,True,moving_mass_saturation; moving_mass_acceleration_limit,inf,3.683166308826478,3.4078085473459243,2.576167838039456,2.215644507628517,1.7283888658478237,163.93408535985867,0.007706624213402462,0.6805598089286148,0.0,"{""backward_1m"":2.3724720637245933,""forward_1m"":2.3724720637245933,""loiter_negative_disturbance"":2.576167838039456,""loiter_positive_disturbance"":2.576167838039456,""pitch_negative_recovery"":2.455444205884319,""pitch_positive_recovery"":2.455444205884319,""stick_release"":0.701343338102884}","{""forward_1m__backward_1m__final_abs_position_error_m"":0.0,""forward_1m__backward_1m__moving_mass_rms_displacement_m"":0.0,""forward_1m__backward_1m__position_overshoot_m"":0.0,""forward_1m__backward_1m__tail_path_length_m"":0.0,""forward_1m__backward_1m__tail_rms_horizontal_velocity_m_s"":0.0,""forward_1m__backward_1m__tail_rms_pitch_deg"":0.0,""forward_1m__backward_1m__tail_rms_pitch_rate_deg_s"":0.0,""forward_1m__backward_1m__vane_command_rms_deg"":0.0,""loiter_positive_disturbance__loiter_negative_disturbance__final_abs_position_error_m"":0.0,""loiter_positive_disturbance__loiter_negative_disturbance__moving_mass_rms_displacement_m"":0.0,""loiter_positive_disturbance__loiter_negative_disturbance__position_overshoot_m"":0.0,""loiter_positive_disturbance__loiter_negative_disturbance__tail_path_length_m"":0.0,""loiter_positive_disturbance__loiter_negative_disturbance__tail_rms_horizontal_velocity_m_s"":0.0,""loiter_positive_disturbance__loiter_negative_disturbance__tail_rms_pitch_deg"":0.0,""loiter_positive_disturbance__loiter_negative_disturbance__tail_rms_pitch_rate_deg_s"":0.0,""loiter_positive_disturbance__loiter_negative_disturbance__vane_command_rms_deg"":0.0,""pitch_positive_recovery__pitch_negative_recovery__final_abs_position_error_m"":0.0,""pitch_positive_recovery__pitch_negative_recovery__moving_mass_rms_displacement_m"":0.0,""pitch_positive_recovery__pitch_negative_recovery__position_overshoot_m"":0.0,""pitch_positive_recovery__pitch_negative_recovery__tail_path_length_m"":0.0,""pitch_positive_recovery__pitch_negative_recovery__tail_rms_horizontal_velocity_m_s"":0.0,""pitch_positive_recovery__pitch_negative_recovery__tail_rms_pitch_deg"":0.0,""pitch_positive_recovery__pitch_negative_recovery__tail_rms_pitch_rate_deg_s"":0.0,""pitch_positive_recovery__pitch_negative_recovery__vane_command_rms_deg"":0.0}",
stage1_coarse,0.1325,gain=0.13250000,7,True,moving_mass_saturation; moving_mass_acceleration_limit,inf,4.220902672705687,3.706697796328422,2.813935115137125,2.4501458523318336,1.8244210288332037,170.13051968890676,0.008011023623836698,0.6996131934251938,0.0,"{""backward_1m"":2.7276970800470752,""forward_1m"":2.7276970800470752,""loiter_negative_disturbance"":2.804135298237411,""loiter_positive_disturbance"":2.804135298237411,""pitch_negative_recovery"":2.813935115137125,""pitch_positive_recovery"":2.813935115137125,""stick_release"":0.4594859794796123}","{""forward_1m__backward_1m__final_abs_position_error_m"":0.0,""forward_1m__backward_1m__moving_mass_rms_displacement_m"":0.0,""forward_1m__backward_1m__position_overshoot_m"":0.0,""forward_1m__backward_1m__tail_path_length_m"":0.0,""forward_1m__backward_1m__tail_rms_horizontal_velocity_m_s"":0.0,""forward_1m__backward_1m__tail_rms_pitch_deg"":0.0,""forward_1m__backward_1m__tail_rms_pitch_rate_deg_s"":0.0,""forward_1m__backward_1m__vane_command_rms_deg"":0.0,""loiter_positive_disturbance__loiter_negative_disturbance__final_abs_position_error_m"":0.0,""loiter_positive_disturbance__loiter_negative_disturbance__moving_mass_rms_displacement_m"":0.0,""loiter_positive_disturbance__loiter_negative_disturbance__position_overshoot_m"":0.0,""loiter_positive_disturbance__loiter_negative_disturbance__tail_path_length_m"":0.0,""loiter_positive_disturbance__loiter_negative_disturbance__tail_rms_horizontal_velocity_m_s"":0.0,""loiter_positive_disturbance__loiter_negative_disturbance__tail_rms_pitch_deg"":0.0,""loiter_positive_disturbance__loiter_negative_disturbance__tail_rms_pitch_rate_deg_s"":0.0,""loiter_positive_disturbance__loiter_negative_disturbance__vane_command_rms_deg"":0.0,""pitch_positive_recovery__pitch_negative_recovery__final_abs_position_error_m"":0.0,""pitch_positive_recovery__pitch_negative_recovery__moving_mass_rms_displacement_m"":0.0,""pitch_positive_recovery__pitch_negative_recovery__position_overshoot_m"":0.0,""pitch_positive_recovery__pitch_negative_recovery__tail_path_length_m"":0.0,""pitch_positive_recovery__pitch_negative_recovery__tail_rms_horizontal_velocity_m_s"":0.0,""pitch_positive_recovery__pitch_negative_recovery__tail_rms_pitch_deg"":0.0,""pitch_positive_recovery__pitch_negative_recovery__tail_rms_pitch_rate_deg_s"":0.0,""pitch_positive_recovery__pitch_negative_recovery__vane_command_rms_deg"":0.0}",
stage1_coarse,0.15,gain=0.15000000,7,True,moving_mass_saturation; moving_mass_acceleration_limit,inf,4.477730469055393,4.1520031986984876,3.200470671060463,2.675592372559305,2.008300060332248,179.64703855158373,0.008785444671035971,0.7326494676154425,0.0,"{""backward_1m"":2.928294416622064,""forward_1m"":2.928294416622064,""loiter_negative_disturbance"":3.200470671060463,""loiter_positive_disturbance"":3.200470671060463,""pitch_negative_recovery"":2.9851536460369283,""pitch_positive_recovery"":2.9851536460369283,""stick_release"":0.5013091404762271}","{""forward_1m__backward_1m__final_abs_position_error_m"":0.0,""forward_1m__backward_1m__moving_mass_rms_displacement_m"":0.0,""forward_1m__backward_1m__position_overshoot_m"":0.0,""forward_1m__backward_1m__tail_path_length_m"":0.0,""forward_1m__backward_1m__tail_rms_horizontal_velocity_m_s"":0.0,""forward_1m__backward_1m__tail_rms_pitch_deg"":0.0,""forward_1m__backward_1m__tail_rms_pitch_rate_deg_s"":0.0,""forward_1m__backward_1m__vane_command_rms_deg"":0.0,""loiter_positive_disturbance__loiter_negative_disturbance__final_abs_position_error_m"":0.0,""loiter_positive_disturbance__loiter_negative_disturbance__moving_mass_rms_displacement_m"":0.0,""loiter_positive_disturbance__loiter_negative_disturbance__position_overshoot_m"":0.0,""loiter_positive_disturbance__loiter_negative_disturbance__tail_path_length_m"":0.0,""loiter_positive_disturbance__loiter_negative_disturbance__tail_rms_horizontal_velocity_m_s"":0.0,""loiter_positive_disturbance__loiter_negative_disturbance__tail_rms_pitch_deg"":0.0,""loiter_positive_disturbance__loiter_negative_disturbance__tail_rms_pitch_rate_deg_s"":0.0,""loiter_positive_disturbance__loiter_negative_disturbance__vane_command_rms_deg"":0.0,""pitch_positive_recovery__pitch_negative_recovery__final_abs_position_error_m"":0.0,""pitch_positive_recovery__pitch_negative_recovery__moving_mass_rms_displacement_m"":0.0,""pitch_positive_recovery__pitch_negative_recovery__position_overshoot_m"":0.0,""pitch_positive_recovery__pitch_negative_recovery__tail_path_length_m"":0.0,""pitch_positive_recovery__pitch_negative_recovery__tail_rms_horizontal_velocity_m_s"":0.0,""pitch_positive_recovery__pitch_negative_recovery__tail_rms_pitch_deg"":0.0,""pitch_positive_recovery__pitch_negative_recovery__tail_rms_pitch_rate_deg_s"":0.0,""pitch_positive_recovery__pitch_negative_recovery__vane_command_rms_deg"":0.0}",
stage1_coarse,0.175,gain=0.17500000,7,True,moving_mass_saturation; moving_mass_acceleration_limit,inf,4.7680911821651515,4.853056474788539,3.263227958765976,3.209238198083042,2.3508457227126063,205.3612376317328,0.010278863714794731,0.8455994906879736,0.0,"{""backward_1m"":3.1740212975959294,""forward_1m"":3.1740212975959294,""loiter_negative_disturbance"":3.263227958765976,""loiter_positive_disturbance"":3.263227958765976,""pitch_negative_recovery"":3.1787274547767677,""pitch_positive_recovery"":3.1787274547767677,""stick_release"":3.2327139643039433}","{""forward_1m__backward_1m__final_abs_position_error_m"":0.0,""forward_1m__backward_1m__moving_mass_rms_displacement_m"":0.0,""forward_1m__backward_1m__position_overshoot_m"":0.0,""forward_1m__backward_1m__tail_path_length_m"":0.0,""forward_1m__backward_1m__tail_rms_horizontal_velocity_m_s"":0.0,""forward_1m__backward_1m__tail_rms_pitch_deg"":0.0,""forward_1m__backward_1m__tail_rms_pitch_rate_deg_s"":0.0,""forward_1m__backward_1m__vane_command_rms_deg"":0.0,""loiter_positive_disturbance__loiter_negative_disturbance__final_abs_position_error_m"":0.0,""loiter_positive_disturbance__loiter_negative_disturbance__moving_mass_rms_displacement_m"":0.0,""loiter_positive_disturbance__loiter_negative_disturbance__position_overshoot_m"":0.0,""loiter_positive_disturbance__loiter_negative_disturbance__tail_path_length_m"":0.0,""loiter_positive_disturbance__loiter_negative_disturbance__tail_rms_horizontal_velocity_m_s"":0.0,""loiter_positive_disturbance__loiter_negative_disturbance__tail_rms_pitch_deg"":0.0,""loiter_positive_disturbance__loiter_negative_disturbance__tail_rms_pitch_rate_deg_s"":0.0,""loiter_positive_disturbance__loiter_negative_disturbance__vane_command_rms_deg"":0.0,""pitch_positive_recovery__pitch_negative_recovery__final_abs_position_error_m"":0.0,""pitch_positive_recovery__pitch_negative_recovery__moving_mass_rms_displacement_m"":0.0,""pitch_positive_recovery__pitch_negative_recovery__position_overshoot_m"":0.0,""pitch_positive_recovery__pitch_negative_recovery__tail_path_length_m"":0.0,""pitch_positive_recovery__pitch_negative_recovery__tail_rms_horizontal_velocity_m_s"":0.0,""pitch_positive_recovery__pitch_negative_recovery__tail_rms_pitch_deg"":0.0,""pitch_positive_recovery__pitch_negative_recovery__tail_rms_pitch_rate_deg_s"":0.0,""pitch_positive_recovery__pitch_negative_recovery__vane_command_rms_deg"":0.0}",
stage1_coarse,0.2,gain=0.20000000,7,True,moving_mass_saturation; moving_mass_acceleration_limit; second_acceleration_lobe_after_full_pause,inf,5.322777509151119,5.275988281687242,3.5551216829965258,3.5127391256875797,2.553544052667369,217.23331142701758,0.011213640740949033,0.8943128189059014,0.0,"{""backward_1m"":3.5551216829965258,""forward_1m"":3.5551216829965258,""loiter_negative_disturbance"":3.4571377990978163,""loiter_positive_disturbance"":3.4571377990978163,""pitch_negative_recovery"":3.548518339434079,""pitch_positive_recovery"":3.548518339434079,""stick_release"":3.467618236756216}","{""forward_1m__backward_1m__final_abs_position_error_m"":0.0,""forward_1m__backward_1m__moving_mass_rms_displacement_m"":0.0,""forward_1m__backward_1m__position_overshoot_m"":0.0,""forward_1m__backward_1m__tail_path_length_m"":0.0,""forward_1m__backward_1m__tail_rms_horizontal_velocity_m_s"":0.0,""forward_1m__backward_1m__tail_rms_pitch_deg"":0.0,""forward_1m__backward_1m__tail_rms_pitch_rate_deg_s"":0.0,""forward_1m__backward_1m__vane_command_rms_deg"":0.0,""loiter_positive_disturbance__loiter_negative_disturbance__final_abs_position_error_m"":0.0,""loiter_positive_disturbance__loiter_negative_disturbance__moving_mass_rms_displacement_m"":0.0,""loiter_positive_disturbance__loiter_negative_disturbance__position_overshoot_m"":0.0,""loiter_positive_disturbance__loiter_negative_disturbance__tail_path_length_m"":0.0,""loiter_positive_disturbance__loiter_negative_disturbance__tail_rms_horizontal_velocity_m_s"":0.0,""loiter_positive_disturbance__loiter_negative_disturbance__tail_rms_pitch_deg"":0.0,""loiter_positive_disturbance__loiter_negative_disturbance__tail_rms_pitch_rate_deg_s"":0.0,""loiter_positive_disturbance__loiter_negative_disturbance__vane_command_rms_deg"":0.0,""pitch_positive_recovery__pitch_negative_recovery__final_abs_position_error_m"":0.0,""pitch_positive_recovery__pitch_negative_recovery__moving_mass_rms_displacement_m"":0.0,""pitch_positive_recovery__pitch_negative_recovery__position_overshoot_m"":0.0,""pitch_positive_recovery__pitch_negative_recovery__tail_path_length_m"":0.0,""pitch_positive_recovery__pitch_negative_recovery__tail_rms_horizontal_velocity_m_s"":0.0,""pitch_positive_recovery__pitch_negative_recovery__tail_rms_pitch_deg"":0.0,""pitch_positive_recovery__pitch_negative_recovery__tail_rms_pitch_rate_deg_s"":0.0,""pitch_positive_recovery__pitch_negative_recovery__vane_command_rms_deg"":0.0}",
stage2_fine,0.0,gain=0.00000000,7,False,,1.5,1.5,1.5,1.0,1.0,0.7324137788938853,34.517019466703736,0.0,0.0,0.0,"{""backward_1m"":1.0,""forward_1m"":1.0,""loiter_negative_disturbance"":1.0,""loiter_positive_disturbance"":1.0,""pitch_negative_recovery"":1.0,""pitch_positive_recovery"":1.0,""stick_release"":1.0}","{""forward_1m__backward_1m__final_abs_position_error_m"":0.0,""forward_1m__backward_1m__moving_mass_rms_displacement_m"":0.0,""forward_1m__backward_1m__position_overshoot_m"":0.0,""forward_1m__backward_1m__tail_path_length_m"":0.0,""forward_1m__backward_1m__tail_rms_horizontal_velocity_m_s"":0.0,""forward_1m__backward_1m__tail_rms_pitch_deg"":0.0,""forward_1m__backward_1m__tail_rms_pitch_rate_deg_s"":0.0,""forward_1m__backward_1m__vane_command_rms_deg"":0.0,""loiter_positive_disturbance__loiter_negative_disturbance__final_abs_position_error_m"":0.0,""loiter_positive_disturbance__loiter_negative_disturbance__moving_mass_rms_displacement_m"":0.0,""loiter_positive_disturbance__loiter_negative_disturbance__position_overshoot_m"":0.0,""loiter_positive_disturbance__loiter_negative_disturbance__tail_path_length_m"":0.0,""loiter_positive_disturbance__loiter_negative_disturbance__tail_rms_horizontal_velocity_m_s"":0.0,""loiter_positive_disturbance__loiter_negative_disturbance__tail_rms_pitch_deg"":0.0,""loiter_positive_disturbance__loiter_negative_disturbance__tail_rms_pitch_rate_deg_s"":0.0,""loiter_positive_disturbance__loiter_negative_disturbance__vane_command_rms_deg"":0.0,""pitch_positive_recovery__pitch_negative_recovery__final_abs_position_error_m"":0.0,""pitch_positive_recovery__pitch_negative_recovery__moving_mass_rms_displacement_m"":0.0,""pitch_positive_recovery__pitch_negative_recovery__position_overshoot_m"":0.0,""pitch_positive_recovery__pitch_negative_recovery__tail_path_length_m"":0.0,""pitch_positive_recovery__pitch_negative_recovery__tail_rms_horizontal_velocity_m_s"":0.0,""pitch_positive_recovery__pitch_negative_recovery__tail_rms_pitch_deg"":0.0,""pitch_positive_recovery__pitch_negative_recovery__tail_rms_pitch_rate_deg_s"":0.0,""pitch_positive_recovery__pitch_negative_recovery__vane_command_rms_deg"":0.0}",1
stage2_fine,0.0025,gain=0.00250000,7,True,moving_mass_saturation; moving_mass_acceleration_limit,inf,1.599979260636422,1.5349739030038165,1.0666528404242814,1.0270475665765908,0.7215036643063957,33.80561276626928,9.942141985853976e-05,0.004861485797871268,0.0,"{""backward_1m"":0.9972891411484804,""forward_1m"":0.9972891411484804,""loiter_negative_disturbance"":1.0475368919326045,""loiter_positive_disturbance"":1.0475368919326045,""pitch_negative_recovery"":1.0666528404242814,""pitch_positive_recovery"":1.0666528404242814,""stick_release"":0.9663752190254024}","{""forward_1m__backward_1m__final_abs_position_error_m"":0.0,""forward_1m__backward_1m__moving_mass_rms_displacement_m"":0.0,""forward_1m__backward_1m__position_overshoot_m"":0.0,""forward_1m__backward_1m__tail_path_length_m"":0.0,""forward_1m__backward_1m__tail_rms_horizontal_velocity_m_s"":0.0,""forward_1m__backward_1m__tail_rms_pitch_deg"":0.0,""forward_1m__backward_1m__tail_rms_pitch_rate_deg_s"":0.0,""forward_1m__backward_1m__vane_command_rms_deg"":0.0,""loiter_positive_disturbance__loiter_negative_disturbance__final_abs_position_error_m"":0.0,""loiter_positive_disturbance__loiter_negative_disturbance__moving_mass_rms_displacement_m"":0.0,""loiter_positive_disturbance__loiter_negative_disturbance__position_overshoot_m"":0.0,""loiter_positive_disturbance__loiter_negative_disturbance__tail_path_length_m"":0.0,""loiter_positive_disturbance__loiter_negative_disturbance__tail_rms_horizontal_velocity_m_s"":0.0,""loiter_positive_disturbance__loiter_negative_disturbance__tail_rms_pitch_deg"":0.0,""loiter_positive_disturbance__loiter_negative_disturbance__tail_rms_pitch_rate_deg_s"":0.0,""loiter_positive_disturbance__loiter_negative_disturbance__vane_command_rms_deg"":0.0,""pitch_positive_recovery__pitch_negative_recovery__final_abs_position_error_m"":0.0,""pitch_positive_recovery__pitch_negative_recovery__moving_mass_rms_displacement_m"":0.0,""pitch_positive_recovery__pitch_negative_recovery__position_overshoot_m"":0.0,""pitch_positive_recovery__pitch_negative_recovery__tail_path_length_m"":0.0,""pitch_positive_recovery__pitch_negative_recovery__tail_rms_horizontal_velocity_m_s"":0.0,""pitch_positive_recovery__pitch_negative_recovery__tail_rms_pitch_deg"":0.0,""pitch_positive_recovery__pitch_negative_recovery__tail_rms_pitch_rate_deg_s"":0.0,""pitch_positive_recovery__pitch_negative_recovery__vane_command_rms_deg"":0.0}",
stage2_fine,0.005,gain=0.00500000,7,True,moving_mass_saturation; moving_mass_acceleration_limit,inf,1.6067980006656133,1.5823067054111224,1.0797285385370963,1.0506585021333839,0.7144184093790183,32.543069872365784,0.00018843105190779883,0.008829584942994512,0.0,"{""backward_1m"":1.046452914503842,""forward_1m"":1.046452914503842,""loiter_negative_disturbance"":1.0797285385370963,""loiter_positive_disturbance"":1.0797285385370963,""pitch_negative_recovery"":1.0711986671104088,""pitch_positive_recovery"":1.0711986671104088,""stick_release"":0.9598492746309946}","{""forward_1m__backward_1m__final_abs_position_error_m"":0.0,""forward_1m__backward_1m__moving_mass_rms_displacement_m"":0.0,""forward_1m__backward_1m__position_overshoot_m"":0.0,""forward_1m__backward_1m__tail_path_length_m"":0.0,""forward_1m__backward_1m__tail_rms_horizontal_velocity_m_s"":0.0,""forward_1m__backward_1m__tail_rms_pitch_deg"":0.0,""forward_1m__backward_1m__tail_rms_pitch_rate_deg_s"":0.0,""forward_1m__backward_1m__vane_command_rms_deg"":0.0,""loiter_positive_disturbance__loiter_negative_disturbance__final_abs_position_error_m"":0.0,""loiter_positive_disturbance__loiter_negative_disturbance__moving_mass_rms_displacement_m"":0.0,""loiter_positive_disturbance__loiter_negative_disturbance__position_overshoot_m"":0.0,""loiter_positive_disturbance__loiter_negative_disturbance__tail_path_length_m"":0.0,""loiter_positive_disturbance__loiter_negative_disturbance__tail_rms_horizontal_velocity_m_s"":0.0,""loiter_positive_disturbance__loiter_negative_disturbance__tail_rms_pitch_deg"":0.0,""loiter_positive_disturbance__loiter_negative_disturbance__tail_rms_pitch_rate_deg_s"":0.0,""loiter_positive_disturbance__loiter_negative_disturbance__vane_command_rms_deg"":0.0,""pitch_positive_recovery__pitch_negative_recovery__final_abs_position_error_m"":0.0,""pitch_positive_recovery__pitch_negative_recovery__moving_mass_rms_displacement_m"":0.0,""pitch_positive_recovery__pitch_negative_recovery__position_overshoot_m"":0.0,""pitch_positive_recovery__pitch_negative_recovery__tail_path_length_m"":0.0,""pitch_positive_recovery__pitch_negative_recovery__tail_rms_horizontal_velocity_m_s"":0.0,""pitch_positive_recovery__pitch_negative_recovery__tail_rms_pitch_deg"":0.0,""pitch_positive_recovery__pitch_negative_recovery__tail_rms_pitch_rate_deg_s"":0.0,""pitch_positive_recovery__pitch_negative_recovery__vane_command_rms_deg"":0.0}",
stage2_fine,0.0075,gain=0.00750000,7,True,moving_mass_saturation; moving_mass_acceleration_limit,inf,1.653000183292166,1.5730451805610963,1.1020001221947773,1.0587259801632236,0.7054448050483036,31.808039497250256,0.00026354256523693226,0.012284549438691674,0.0,"{""backward_1m"":1.0518998300327314,""forward_1m"":1.0518998300327314,""loiter_negative_disturbance"":1.0632577144209883,""loiter_positive_disturbance"":1.0632577144209883,""pitch_negative_recovery"":1.1020001221947773,""pitch_positive_recovery"":1.1020001221947773,""stick_release"":0.9767665278455725}","{""forward_1m__backward_1m__final_abs_position_error_m"":0.0,""forward_1m__backward_1m__moving_mass_rms_displacement_m"":0.0,""forward_1m__backward_1m__position_overshoot_m"":0.0,""forward_1m__backward_1m__tail_path_length_m"":0.0,""forward_1m__backward_1m__tail_rms_horizontal_velocity_m_s"":0.0,""forward_1m__backward_1m__tail_rms_pitch_deg"":0.0,""forward_1m__backward_1m__tail_rms_pitch_rate_deg_s"":0.0,""forward_1m__backward_1m__vane_command_rms_deg"":0.0,""loiter_positive_disturbance__loiter_negative_disturbance__final_abs_position_error_m"":0.0,""loiter_positive_disturbance__loiter_negative_disturbance__moving_mass_rms_displacement_m"":0.0,""loiter_positive_disturbance__loiter_negative_disturbance__position_overshoot_m"":0.0,""loiter_positive_disturbance__loiter_negative_disturbance__tail_path_length_m"":0.0,""loiter_positive_disturbance__loiter_negative_disturbance__tail_rms_horizontal_velocity_m_s"":0.0,""loiter_positive_disturbance__loiter_negative_disturbance__tail_rms_pitch_deg"":0.0,""loiter_positive_disturbance__loiter_negative_disturbance__tail_rms_pitch_rate_deg_s"":0.0,""loiter_positive_disturbance__loiter_negative_disturbance__vane_command_rms_deg"":0.0,""pitch_positive_recovery__pitch_negative_recovery__final_abs_position_error_m"":0.0,""pitch_positive_recovery__pitch_negative_recovery__moving_mass_rms_displacement_m"":0.0,""pitch_positive_recovery__pitch_negative_recovery__position_overshoot_m"":0.0,""pitch_positive_recovery__pitch_negative_recovery__tail_path_length_m"":0.0,""pitch_positive_recovery__pitch_negative_recovery__tail_rms_horizontal_velocity_m_s"":0.0,""pitch_positive_recovery__pitch_negative_recovery__tail_rms_pitch_deg"":0.0,""pitch_positive_recovery__pitch_negative_recovery__tail_rms_pitch_rate_deg_s"":0.0,""pitch_positive_recovery__pitch_negative_recovery__vane_command_rms_deg"":0.0}",
stage2_fine,0.01,gain=0.01000000,7,True,moving_mass_saturation; moving_mass_acceleration_limit,inf,1.4801091799088082,1.41437559158636,0.9867394532725388,0.949128935028396,0.6955050301985759,31.106651947829004,0.0003315053397496943,0.015276522377715715,0.0,"{""backward_1m"":0.9605817277112423,""forward_1m"":0.9605817277112423,""loiter_negative_disturbance"":0.9389814401599317,""loiter_positive_disturbance"":0.9389814401599317,""pitch_negative_recovery"":0.9867394532725388,""pitch_positive_recovery"":0.9867394532725388,""stick_release"":0.8712973029113472}","{""forward_1m__backward_1m__final_abs_position_error_m"":0.0,""forward_1m__backward_1m__moving_mass_rms_displacement_m"":0.0,""forward_1m__backward_1m__position_overshoot_m"":0.0,""forward_1m__backward_1m__tail_path_length_m"":0.0,""forward_1m__backward_1m__tail_rms_horizontal_velocity_m_s"":0.0,""forward_1m__backward_1m__tail_rms_pitch_deg"":0.0,""forward_1m__backward_1m__tail_rms_pitch_rate_deg_s"":0.0,""forward_1m__backward_1m__vane_command_rms_deg"":0.0,""loiter_positive_disturbance__loiter_negative_disturbance__final_abs_position_error_m"":0.0,""loiter_positive_disturbance__loiter_negative_disturbance__moving_mass_rms_displacement_m"":0.0,""loiter_positive_disturbance__loiter_negative_disturbance__position_overshoot_m"":0.0,""loiter_positive_disturbance__loiter_negative_disturbance__tail_path_length_m"":0.0,""loiter_positive_disturbance__loiter_negative_disturbance__tail_rms_horizontal_velocity_m_s"":0.0,""loiter_positive_disturbance__loiter_negative_disturbance__tail_rms_pitch_deg"":0.0,""loiter_positive_disturbance__loiter_negative_disturbance__tail_rms_pitch_rate_deg_s"":0.0,""loiter_positive_disturbance__loiter_negative_disturbance__vane_command_rms_deg"":0.0,""pitch_positive_recovery__pitch_negative_recovery__final_abs_position_error_m"":0.0,""pitch_positive_recovery__pitch_negative_recovery__moving_mass_rms_displacement_m"":0.0,""pitch_positive_recovery__pitch_negative_recovery__position_overshoot_m"":0.0,""pitch_positive_recovery__pitch_negative_recovery__tail_path_length_m"":0.0,""pitch_positive_recovery__pitch_negative_recovery__tail_rms_horizontal_velocity_m_s"":0.0,""pitch_positive_recovery__pitch_negative_recovery__tail_rms_pitch_deg"":0.0,""pitch_positive_recovery__pitch_negative_recovery__tail_rms_pitch_rate_deg_s"":0.0,""pitch_positive_recovery__pitch_negative_recovery__vane_command_rms_deg"":0.0}",
stage2_fine,0.0125,gain=0.01250000,7,True,moving_mass_saturation; moving_mass_acceleration_limit,inf,1.4494757371684495,1.4377286867112637,0.9827320108735196,0.9520639603710169,0.6856930204018459,30.449286475939125,0.0003970246599184876,0.018067108596170493,0.0,"{""backward_1m"":0.9409393574220022,""forward_1m"":0.9409393574220022,""loiter_negative_disturbance"":0.9827320108735196,""loiter_positive_disturbance"":0.9827320108735196,""pitch_negative_recovery"":0.9663171581122997,""pitch_positive_recovery"":0.9663171581122997,""stick_release"":0.8844706697814756}","{""forward_1m__backward_1m__final_abs_position_error_m"":0.0,""forward_1m__backward_1m__moving_mass_rms_displacement_m"":0.0,""forward_1m__backward_1m__position_overshoot_m"":0.0,""forward_1m__backward_1m__tail_path_length_m"":0.0,""forward_1m__backward_1m__tail_rms_horizontal_velocity_m_s"":0.0,""forward_1m__backward_1m__tail_rms_pitch_deg"":0.0,""forward_1m__backward_1m__tail_rms_pitch_rate_deg_s"":0.0,""forward_1m__backward_1m__vane_command_rms_deg"":0.0,""loiter_positive_disturbance__loiter_negative_disturbance__final_abs_position_error_m"":0.0,""loiter_positive_disturbance__loiter_negative_disturbance__moving_mass_rms_displacement_m"":0.0,""loiter_positive_disturbance__loiter_negative_disturbance__position_overshoot_m"":0.0,""loiter_positive_disturbance__loiter_negative_disturbance__tail_path_length_m"":0.0,""loiter_positive_disturbance__loiter_negative_disturbance__tail_rms_horizontal_velocity_m_s"":0.0,""loiter_positive_disturbance__loiter_negative_disturbance__tail_rms_pitch_deg"":0.0,""loiter_positive_disturbance__loiter_negative_disturbance__tail_rms_pitch_rate_deg_s"":0.0,""loiter_positive_disturbance__loiter_negative_disturbance__vane_command_rms_deg"":0.0,""pitch_positive_recovery__pitch_negative_recovery__final_abs_position_error_m"":0.0,""pitch_positive_recovery__pitch_negative_recovery__moving_mass_rms_displacement_m"":0.0,""pitch_positive_recovery__pitch_negative_recovery__position_overshoot_m"":0.0,""pitch_positive_recovery__pitch_negative_recovery__tail_path_length_m"":0.0,""pitch_positive_recovery__pitch_negative_recovery__tail_rms_horizontal_velocity_m_s"":0.0,""pitch_positive_recovery__pitch_negative_recovery__tail_rms_pitch_deg"":0.0,""pitch_positive_recovery__pitch_negative_recovery__tail_rms_pitch_rate_deg_s"":0.0,""pitch_positive_recovery__pitch_negative_recovery__vane_command_rms_deg"":0.0}",
stage2_fine,0.015,gain=0.01500000,7,True,moving_mass_saturation; moving_mass_acceleration_limit,inf,1.5456512241448688,1.4306253869267362,1.0304341494299125,0.9678655494063341,0.675139046111634,28.9614563694579,0.00045879359708805124,0.019859446832295923,0.0,"{""backward_1m"":0.975574555059667,""forward_1m"":0.975574555059667,""loiter_negative_disturbance"":0.9536429986413906,""loiter_positive_disturbance"":0.9536429986413906,""pitch_negative_recovery"":1.0304341494299125,""pitch_positive_recovery"":1.0304341494299125,""stick_release"":0.8557554395823984}","{""forward_1m__backward_1m__final_abs_position_error_m"":0.0,""forward_1m__backward_1m__moving_mass_rms_displacement_m"":0.0,""forward_1m__backward_1m__position_overshoot_m"":0.0,""forward_1m__backward_1m__tail_path_length_m"":0.0,""forward_1m__backward_1m__tail_rms_horizontal_velocity_m_s"":0.0,""forward_1m__backward_1m__tail_rms_pitch_deg"":0.0,""forward_1m__backward_1m__tail_rms_pitch_rate_deg_s"":0.0,""forward_1m__backward_1m__vane_command_rms_deg"":0.0,""loiter_positive_disturbance__loiter_negative_disturbance__final_abs_position_error_m"":0.0,""loiter_positive_disturbance__loiter_negative_disturbance__moving_mass_rms_displacement_m"":0.0,""loiter_positive_disturbance__loiter_negative_disturbance__position_overshoot_m"":0.0,""loiter_positive_disturbance__loiter_negative_disturbance__tail_path_length_m"":0.0,""loiter_positive_disturbance__loiter_negative_disturbance__tail_rms_horizontal_velocity_m_s"":0.0,""loiter_positive_disturbance__loiter_negative_disturbance__tail_rms_pitch_deg"":0.0,""loiter_positive_disturbance__loiter_negative_disturbance__tail_rms_pitch_rate_deg_s"":0.0,""loiter_positive_disturbance__loiter_negative_disturbance__vane_command_rms_deg"":0.0,""pitch_positive_recovery__pitch_negative_recovery__final_abs_position_error_m"":0.0,""pitch_positive_recovery__pitch_negative_recovery__moving_mass_rms_displacement_m"":0.0,""pitch_positive_recovery__pitch_negative_recovery__position_overshoot_m"":0.0,""pitch_positive_recovery__pitch_negative_recovery__tail_path_length_m"":0.0,""pitch_positive_recovery__pitch_negative_recovery__tail_rms_horizontal_velocity_m_s"":0.0,""pitch_positive_recovery__pitch_negative_recovery__tail_rms_pitch_deg"":0.0,""pitch_positive_recovery__pitch_negative_recovery__tail_rms_pitch_rate_deg_s"":0.0,""pitch_positive_recovery__pitch_negative_recovery__vane_command_rms_deg"":0.0}",
stage2_fine,0.0175,gain=0.01750000,7,True,moving_mass_saturation; moving_mass_acceleration_limit,inf,1.4681697181850217,1.0734391656750217,0.9787798121233477,0.7551654323670535,0.6434867270062382,25.571734842922837,0.00048334149758123314,0.019006168693760234,0.0,"{""backward_1m"":0.6615873130447603,""forward_1m"":0.6615873130447603,""loiter_negative_disturbance"":0.5949924029060931,""loiter_positive_disturbance"":0.5949924029060931,""pitch_negative_recovery"":0.9787798121233477,""pitch_positive_recovery"":0.9787798121233477,""stick_release"":0.8154389704209721}","{""forward_1m__backward_1m__final_abs_position_error_m"":0.0,""forward_1m__backward_1m__moving_mass_rms_displacement_m"":0.0,""forward_1m__backward_1m__position_overshoot_m"":0.0,""forward_1m__backward_1m__tail_path_length_m"":0.0,""forward_1m__backward_1m__tail_rms_horizontal_velocity_m_s"":0.0,""forward_1m__backward_1m__tail_rms_pitch_deg"":0.0,""forward_1m__backward_1m__tail_rms_pitch_rate_deg_s"":0.0,""forward_1m__backward_1m__vane_command_rms_deg"":0.0,""loiter_positive_disturbance__loiter_negative_disturbance__final_abs_position_error_m"":0.0,""loiter_positive_disturbance__loiter_negative_disturbance__moving_mass_rms_displacement_m"":0.0,""loiter_positive_disturbance__loiter_negative_disturbance__position_overshoot_m"":0.0,""loiter_positive_disturbance__loiter_negative_disturbance__tail_path_length_m"":0.0,""loiter_positive_disturbance__loiter_negative_disturbance__tail_rms_horizontal_velocity_m_s"":0.0,""loiter_positive_disturbance__loiter_negative_disturbance__tail_rms_pitch_deg"":0.0,""loiter_positive_disturbance__loiter_negative_disturbance__tail_rms_pitch_rate_deg_s"":0.0,""loiter_positive_disturbance__loiter_negative_disturbance__vane_command_rms_deg"":0.0,""pitch_positive_recovery__pitch_negative_recovery__final_abs_position_error_m"":0.0,""pitch_positive_recovery__pitch_negative_recovery__moving_mass_rms_displacement_m"":0.0,""pitch_positive_recovery__pitch_negative_recovery__position_overshoot_m"":0.0,""pitch_positive_recovery__pitch_negative_recovery__tail_path_length_m"":0.0,""pitch_positive_recovery__pitch_negative_recovery__tail_rms_horizontal_velocity_m_s"":0.0,""pitch_positive_recovery__pitch_negative_recovery__tail_rms_pitch_deg"":0.0,""pitch_positive_recovery__pitch_negative_recovery__tail_rms_pitch_rate_deg_s"":0.0,""pitch_positive_recovery__pitch_negative_recovery__vane_command_rms_deg"":0.0}",
stage2_fine,0.02,gain=0.02000000,7,True,moving_mass_saturation; moving_mass_acceleration_limit,inf,1.506365666617549,0.7166317274981078,1.0042437777450326,0.6001646528893195,0.6207556226106367,23.45890809707205,0.0005104514029752476,0.018732146953448738,0.0,"{""backward_1m"":0.3872974333009738,""forward_1m"":0.3872974333009738,""loiter_negative_disturbance"":0.5561974491021472,""loiter_positive_disturbance"":0.5561974491021472,""pitch_negative_recovery"":1.0042437777450326,""pitch_positive_recovery"":1.0042437777450326,""stick_release"":0.30567524992892947}","{""forward_1m__backward_1m__final_abs_position_error_m"":0.0,""forward_1m__backward_1m__moving_mass_rms_displacement_m"":0.0,""forward_1m__backward_1m__position_overshoot_m"":0.0,""forward_1m__backward_1m__tail_path_length_m"":0.0,""forward_1m__backward_1m__tail_rms_horizontal_velocity_m_s"":0.0,""forward_1m__backward_1m__tail_rms_pitch_deg"":0.0,""forward_1m__backward_1m__tail_rms_pitch_rate_deg_s"":0.0,""forward_1m__backward_1m__vane_command_rms_deg"":0.0,""loiter_positive_disturbance__loiter_negative_disturbance__final_abs_position_error_m"":0.0,""loiter_positive_disturbance__loiter_negative_disturbance__moving_mass_rms_displacement_m"":0.0,""loiter_positive_disturbance__loiter_negative_disturbance__position_overshoot_m"":0.0,""loiter_positive_disturbance__loiter_negative_disturbance__tail_path_length_m"":0.0,""loiter_positive_disturbance__loiter_negative_disturbance__tail_rms_horizontal_velocity_m_s"":0.0,""loiter_positive_disturbance__loiter_negative_disturbance__tail_rms_pitch_deg"":0.0,""loiter_positive_disturbance__loiter_negative_disturbance__tail_rms_pitch_rate_deg_s"":0.0,""loiter_positive_disturbance__loiter_negative_disturbance__vane_command_rms_deg"":0.0,""pitch_positive_recovery__pitch_negative_recovery__final_abs_position_error_m"":0.0,""pitch_positive_recovery__pitch_negative_recovery__moving_mass_rms_displacement_m"":0.0,""pitch_positive_recovery__pitch_negative_recovery__position_overshoot_m"":0.0,""pitch_positive_recovery__pitch_negative_recovery__tail_path_length_m"":0.0,""pitch_positive_recovery__pitch_negative_recovery__tail_rms_horizontal_velocity_m_s"":0.0,""pitch_positive_recovery__pitch_negative_recovery__tail_rms_pitch_deg"":0.0,""pitch_positive_recovery__pitch_negative_recovery__tail_rms_pitch_rate_deg_s"":0.0,""pitch_positive_recovery__pitch_negative_recovery__vane_command_rms_deg"":0.0}",
stage2_fine,0.0225,gain=0.02250000,7,True,moving_mass_saturation; moving_mass_acceleration_limit,inf,3.1228476044642077,1.276886943709862,2.0818984029761385,1.1372119020473235,0.6099774136439187,22.00767634600877,0.0005524728572880116,0.01872366710948112,0.0,"{""backward_1m"":0.9324564859939745,""forward_1m"":0.9324564859939745,""loiter_negative_disturbance"":0.4483371261614544,""loiter_positive_disturbance"":0.4483371261614544,""pitch_negative_recovery"":2.0818984029761385,""pitch_positive_recovery"":2.0818984029761385,""stick_release"":1.035099284068129}","{""forward_1m__backward_1m__final_abs_position_error_m"":0.0,""forward_1m__backward_1m__moving_mass_rms_displacement_m"":0.0,""forward_1m__backward_1m__position_overshoot_m"":0.0,""forward_1m__backward_1m__tail_path_length_m"":0.0,""forward_1m__backward_1m__tail_rms_horizontal_velocity_m_s"":0.0,""forward_1m__backward_1m__tail_rms_pitch_deg"":0.0,""forward_1m__backward_1m__tail_rms_pitch_rate_deg_s"":0.0,""forward_1m__backward_1m__vane_command_rms_deg"":0.0,""loiter_positive_disturbance__loiter_negative_disturbance__final_abs_position_error_m"":0.0,""loiter_positive_disturbance__loiter_negative_disturbance__moving_mass_rms_displacement_m"":0.0,""loiter_positive_disturbance__loiter_negative_disturbance__position_overshoot_m"":0.0,""loiter_positive_disturbance__loiter_negative_disturbance__tail_path_length_m"":0.0,""loiter_positive_disturbance__loiter_negative_disturbance__tail_rms_horizontal_velocity_m_s"":0.0,""loiter_positive_disturbance__loiter_negative_disturbance__tail_rms_pitch_deg"":0.0,""loiter_positive_disturbance__loiter_negative_disturbance__tail_rms_pitch_rate_deg_s"":0.0,""loiter_positive_disturbance__loiter_negative_disturbance__vane_command_rms_deg"":0.0,""pitch_positive_recovery__pitch_negative_recovery__final_abs_position_error_m"":0.0,""pitch_positive_recovery__pitch_negative_recovery__moving_mass_rms_displacement_m"":0.0,""pitch_positive_recovery__pitch_negative_recovery__position_overshoot_m"":0.0,""pitch_positive_recovery__pitch_negative_recovery__tail_path_length_m"":0.0,""pitch_positive_recovery__pitch_negative_recovery__tail_rms_horizontal_velocity_m_s"":0.0,""pitch_positive_recovery__pitch_negative_recovery__tail_rms_pitch_deg"":0.0,""pitch_positive_recovery__pitch_negative_recovery__tail_rms_pitch_rate_deg_s"":0.0,""pitch_positive_recovery__pitch_negative_recovery__vane_command_rms_deg"":0.0}",
stage2_fine,0.025,gain=0.02500000,7,True,moving_mass_saturation; moving_mass_acceleration_limit,inf,0.7754387630227921,1.2701138867315116,0.9752444579327862,0.7066252342175213,0.5969576006359417,21.25075406158211,0.0005869319979667003,0.019451165080231727,0.0,"{""backward_1m"":0.9752444579327862,""forward_1m"":0.9752444579327862,""loiter_negative_disturbance"":0.5881262074648652,""loiter_positive_disturbance"":0.5881262074648652,""pitch_negative_recovery"":0.5169591753485281,""pitch_positive_recovery"":0.5169591753485281,""stick_release"":0.7857169580302892}","{""forward_1m__backward_1m__final_abs_position_error_m"":0.0,""forward_1m__backward_1m__moving_mass_rms_displacement_m"":0.0,""forward_1m__backward_1m__position_overshoot_m"":0.0,""forward_1m__backward_1m__tail_path_length_m"":0.0,""forward_1m__backward_1m__tail_rms_horizontal_velocity_m_s"":0.0,""forward_1m__backward_1m__tail_rms_pitch_deg"":0.0,""forward_1m__backward_1m__tail_rms_pitch_rate_deg_s"":0.0,""forward_1m__backward_1m__vane_command_rms_deg"":0.0,""loiter_positive_disturbance__loiter_negative_disturbance__final_abs_position_error_m"":0.0,""loiter_positive_disturbance__loiter_negative_disturbance__moving_mass_rms_displacement_m"":0.0,""loiter_positive_disturbance__loiter_negative_disturbance__position_overshoot_m"":0.0,""loiter_positive_disturbance__loiter_negative_disturbance__tail_path_length_m"":0.0,""loiter_positive_disturbance__loiter_negative_disturbance__tail_rms_horizontal_velocity_m_s"":0.0,""loiter_positive_disturbance__loiter_negative_disturbance__tail_rms_pitch_deg"":0.0,""loiter_positive_disturbance__loiter_negative_disturbance__tail_rms_pitch_rate_deg_s"":0.0,""loiter_positive_disturbance__loiter_negative_disturbance__vane_command_rms_deg"":0.0,""pitch_positive_recovery__pitch_negative_recovery__final_abs_position_error_m"":0.0,""pitch_positive_recovery__pitch_negative_recovery__moving_mass_rms_displacement_m"":0.0,""pitch_positive_recovery__pitch_negative_recovery__position_overshoot_m"":0.0,""pitch_positive_recovery__pitch_negative_recovery__tail_path_length_m"":0.0,""pitch_positive_recovery__pitch_negative_recovery__tail_rms_horizontal_velocity_m_s"":0.0,""pitch_positive_recovery__pitch_negative_recovery__tail_rms_pitch_deg"":0.0,""pitch_positive_recovery__pitch_negative_recovery__tail_rms_pitch_rate_deg_s"":0.0,""pitch_positive_recovery__pitch_negative_recovery__vane_command_rms_deg"":0.0}",
stage3_local,0.0,gain=0.00000000,7,False,,1.5,1.5,1.5,1.0,1.0,0.7324137788938853,34.517019466703736,0.0,0.0,0.0,"{""backward_1m"":1.0,""forward_1m"":1.0,""loiter_negative_disturbance"":1.0,""loiter_positive_disturbance"":1.0,""pitch_negative_recovery"":1.0,""pitch_positive_recovery"":1.0,""stick_release"":1.0}","{""forward_1m__backward_1m__final_abs_position_error_m"":0.0,""forward_1m__backward_1m__moving_mass_rms_displacement_m"":0.0,""forward_1m__backward_1m__position_overshoot_m"":0.0,""forward_1m__backward_1m__tail_path_length_m"":0.0,""forward_1m__backward_1m__tail_rms_horizontal_velocity_m_s"":0.0,""forward_1m__backward_1m__tail_rms_pitch_deg"":0.0,""forward_1m__backward_1m__tail_rms_pitch_rate_deg_s"":0.0,""forward_1m__backward_1m__vane_command_rms_deg"":0.0,""loiter_positive_disturbance__loiter_negative_disturbance__final_abs_position_error_m"":0.0,""loiter_positive_disturbance__loiter_negative_disturbance__moving_mass_rms_displacement_m"":0.0,""loiter_positive_disturbance__loiter_negative_disturbance__position_overshoot_m"":0.0,""loiter_positive_disturbance__loiter_negative_disturbance__tail_path_length_m"":0.0,""loiter_positive_disturbance__loiter_negative_disturbance__tail_rms_horizontal_velocity_m_s"":0.0,""loiter_positive_disturbance__loiter_negative_disturbance__tail_rms_pitch_deg"":0.0,""loiter_positive_disturbance__loiter_negative_disturbance__tail_rms_pitch_rate_deg_s"":0.0,""loiter_positive_disturbance__loiter_negative_disturbance__vane_command_rms_deg"":0.0,""pitch_positive_recovery__pitch_negative_recovery__final_abs_position_error_m"":0.0,""pitch_positive_recovery__pitch_negative_recovery__moving_mass_rms_displacement_m"":0.0,""pitch_positive_recovery__pitch_negative_recovery__position_overshoot_m"":0.0,""pitch_positive_recovery__pitch_negative_recovery__tail_path_length_m"":0.0,""pitch_positive_recovery__pitch_negative_recovery__tail_rms_horizontal_velocity_m_s"":0.0,""pitch_positive_recovery__pitch_negative_recovery__tail_rms_pitch_deg"":0.0,""pitch_positive_recovery__pitch_negative_recovery__tail_rms_pitch_rate_deg_s"":0.0,""pitch_positive_recovery__pitch_negative_recovery__vane_command_rms_deg"":0.0}",1
stage3_local,0.0005,gain=0.00050000,7,True,moving_mass_saturation; moving_mass_acceleration_limit,inf,1.5264299088368887,1.613930208557827,1.1214517506927497,1.0430373635009207,0.7320670695632779,33.79815261650994,2.293726800396141e-05,0.001156126452759143,0.0,"{""backward_1m"":1.0401276554296497,""forward_1m"":1.0401276554296497,""loiter_negative_disturbance"":1.1214517506927497,""loiter_positive_disturbance"":1.1214517506927497,""pitch_negative_recovery"":1.0176199392245924,""pitch_positive_recovery"":1.0176199392245924,""stick_release"":0.9428628538124619}","{""forward_1m__backward_1m__final_abs_position_error_m"":0.0,""forward_1m__backward_1m__moving_mass_rms_displacement_m"":0.0,""forward_1m__backward_1m__position_overshoot_m"":0.0,""forward_1m__backward_1m__tail_path_length_m"":0.0,""forward_1m__backward_1m__tail_rms_horizontal_velocity_m_s"":0.0,""forward_1m__backward_1m__tail_rms_pitch_deg"":0.0,""forward_1m__backward_1m__tail_rms_pitch_rate_deg_s"":0.0,""forward_1m__backward_1m__vane_command_rms_deg"":0.0,""loiter_positive_disturbance__loiter_negative_disturbance__final_abs_position_error_m"":0.0,""loiter_positive_disturbance__loiter_negative_disturbance__moving_mass_rms_displacement_m"":0.0,""loiter_positive_disturbance__loiter_negative_disturbance__position_overshoot_m"":0.0,""loiter_positive_disturbance__loiter_negative_disturbance__tail_path_length_m"":0.0,""loiter_positive_disturbance__loiter_negative_disturbance__tail_rms_horizontal_velocity_m_s"":0.0,""loiter_positive_disturbance__loiter_negative_disturbance__tail_rms_pitch_deg"":0.0,""loiter_positive_disturbance__loiter_negative_disturbance__tail_rms_pitch_rate_deg_s"":0.0,""loiter_positive_disturbance__loiter_negative_disturbance__vane_command_rms_deg"":0.0,""pitch_positive_recovery__pitch_negative_recovery__final_abs_position_error_m"":0.0,""pitch_positive_recovery__pitch_negative_recovery__moving_mass_rms_displacement_m"":0.0,""pitch_positive_recovery__pitch_negative_recovery__position_overshoot_m"":0.0,""pitch_positive_recovery__pitch_negative_recovery__tail_path_length_m"":0.0,""pitch_positive_recovery__pitch_negative_recovery__tail_rms_horizontal_velocity_m_s"":0.0,""pitch_positive_recovery__pitch_negative_recovery__tail_rms_pitch_deg"":0.0,""pitch_positive_recovery__pitch_negative_recovery__tail_rms_pitch_rate_deg_s"":0.0,""pitch_positive_recovery__pitch_negative_recovery__vane_command_rms_deg"":0.0}",
stage3_local,0.001,gain=0.00100000,7,True,moving_mass_saturation; moving_mass_acceleration_limit,inf,1.467574815847565,1.6052396820990529,1.0962063171296366,1.0346355769716085,0.7300420300380823,33.677008805443954,4.7885167201105906e-05,0.002292406554535129,0.0,"{""backward_1m"":1.0588087296842086,""forward_1m"":1.0588087296842086,""loiter_negative_disturbance"":1.0962063171296366,""loiter_positive_disturbance"":1.0962063171296366,""pitch_negative_recovery"":0.9783832105650433,""pitch_positive_recovery"":0.9783832105650433,""stick_release"":0.9756525240434821}","{""forward_1m__backward_1m__final_abs_position_error_m"":0.0,""forward_1m__backward_1m__moving_mass_rms_displacement_m"":0.0,""forward_1m__backward_1m__position_overshoot_m"":0.0,""forward_1m__backward_1m__tail_path_length_m"":0.0,""forward_1m__backward_1m__tail_rms_horizontal_velocity_m_s"":0.0,""forward_1m__backward_1m__tail_rms_pitch_deg"":0.0,""forward_1m__backward_1m__tail_rms_pitch_rate_deg_s"":0.0,""forward_1m__backward_1m__vane_command_rms_deg"":0.0,""loiter_positive_disturbance__loiter_negative_disturbance__final_abs_position_error_m"":0.0,""loiter_positive_disturbance__loiter_negative_disturbance__moving_mass_rms_displacement_m"":0.0,""loiter_positive_disturbance__loiter_negative_disturbance__position_overshoot_m"":0.0,""loiter_positive_disturbance__loiter_negative_disturbance__tail_path_length_m"":0.0,""loiter_positive_disturbance__loiter_negative_disturbance__tail_rms_horizontal_velocity_m_s"":0.0,""loiter_positive_disturbance__loiter_negative_disturbance__tail_rms_pitch_deg"":0.0,""loiter_positive_disturbance__loiter_negative_disturbance__tail_rms_pitch_rate_deg_s"":0.0,""loiter_positive_disturbance__loiter_negative_disturbance__vane_command_rms_deg"":0.0,""pitch_positive_recovery__pitch_negative_recovery__final_abs_position_error_m"":0.0,""pitch_positive_recovery__pitch_negative_recovery__moving_mass_rms_displacement_m"":0.0,""pitch_positive_recovery__pitch_negative_recovery__position_overshoot_m"":0.0,""pitch_positive_recovery__pitch_negative_recovery__tail_path_length_m"":0.0,""pitch_positive_recovery__pitch_negative_recovery__tail_rms_horizontal_velocity_m_s"":0.0,""pitch_positive_recovery__pitch_negative_recovery__tail_rms_pitch_deg"":0.0,""pitch_positive_recovery__pitch_negative_recovery__tail_rms_pitch_rate_deg_s"":0.0,""pitch_positive_recovery__pitch_negative_recovery__vane_command_rms_deg"":0.0}",
stage3_local,0.0015,gain=0.00150000,7,True,moving_mass_saturation; moving_mass_acceleration_limit,inf,1.53013088300991,1.5493793770182633,1.052109334755294,1.0223997226975658,0.7270169255457393,33.759652901934665,6.992931591132707e-05,0.0033199264582476724,0.0,"{""backward_1m"":0.9866018401962995,""forward_1m"":0.9866018401962995,""loiter_negative_disturbance"":1.0456552665275947,""loiter_positive_disturbance"":1.0456552665275947,""pitch_negative_recovery"":1.02008725533994,""pitch_positive_recovery"":1.02008725533994,""stick_release"":1.052109334755294}","{""forward_1m__backward_1m__final_abs_position_error_m"":0.0,""forward_1m__backward_1m__moving_mass_rms_displacement_m"":0.0,""forward_1m__backward_1m__position_overshoot_m"":0.0,""forward_1m__backward_1m__tail_path_length_m"":0.0,""forward_1m__backward_1m__tail_rms_horizontal_velocity_m_s"":0.0,""forward_1m__backward_1m__tail_rms_pitch_deg"":0.0,""forward_1m__backward_1m__tail_rms_pitch_rate_deg_s"":0.0,""forward_1m__backward_1m__vane_command_rms_deg"":0.0,""loiter_positive_disturbance__loiter_negative_disturbance__final_abs_position_error_m"":0.0,""loiter_positive_disturbance__loiter_negative_disturbance__moving_mass_rms_displacement_m"":0.0,""loiter_positive_disturbance__loiter_negative_disturbance__position_overshoot_m"":0.0,""loiter_positive_disturbance__loiter_negative_disturbance__tail_path_length_m"":0.0,""loiter_positive_disturbance__loiter_negative_disturbance__tail_rms_horizontal_velocity_m_s"":0.0,""loiter_positive_disturbance__loiter_negative_disturbance__tail_rms_pitch_deg"":0.0,""loiter_positive_disturbance__loiter_negative_disturbance__tail_rms_pitch_rate_deg_s"":0.0,""loiter_positive_disturbance__loiter_negative_disturbance__vane_command_rms_deg"":0.0,""pitch_positive_recovery__pitch_negative_recovery__final_abs_position_error_m"":0.0,""pitch_positive_recovery__pitch_negative_recovery__moving_mass_rms_displacement_m"":0.0,""pitch_positive_recovery__pitch_negative_recovery__position_overshoot_m"":0.0,""pitch_positive_recovery__pitch_negative_recovery__tail_path_length_m"":0.0,""pitch_positive_recovery__pitch_negative_recovery__tail_rms_horizontal_velocity_m_s"":0.0,""pitch_positive_recovery__pitch_negative_recovery__tail_rms_pitch_deg"":0.0,""pitch_positive_recovery__pitch_negative_recovery__tail_rms_pitch_rate_deg_s"":0.0,""pitch_positive_recovery__pitch_negative_recovery__vane_command_rms_deg"":0.0}",
stage3_local,0.002,gain=0.00200000,7,True,moving_mass_saturation; moving_mass_acceleration_limit,inf,1.7671681415504294,1.5515373353834438,1.178112094366953,1.0739415186707533,0.7258449760894597,33.504885038683135,8.450790190860864e-05,0.004053404167307004,0.0,"{""backward_1m"":1.0316447136749454,""forward_1m"":1.0316447136749454,""loiter_negative_disturbance"":1.0385280939823414,""loiter_positive_disturbance"":1.0385280939823414,""pitch_negative_recovery"":1.178112094366953,""pitch_positive_recovery"":1.178112094366953,""stick_release"":1.021020826646793}","{""forward_1m__backward_1m__final_abs_position_error_m"":0.0,""forward_1m__backward_1m__moving_mass_rms_displacement_m"":0.0,""forward_1m__backward_1m__position_overshoot_m"":0.0,""forward_1m__backward_1m__tail_path_length_m"":0.0,""forward_1m__backward_1m__tail_rms_horizontal_velocity_m_s"":0.0,""forward_1m__backward_1m__tail_rms_pitch_deg"":0.0,""forward_1m__backward_1m__tail_rms_pitch_rate_deg_s"":0.0,""forward_1m__backward_1m__vane_command_rms_deg"":0.0,""loiter_positive_disturbance__loiter_negative_disturbance__final_abs_position_error_m"":0.0,""loiter_positive_disturbance__loiter_negative_disturbance__moving_mass_rms_displacement_m"":0.0,""loiter_positive_disturbance__loiter_negative_disturbance__position_overshoot_m"":0.0,""loiter_positive_disturbance__loiter_negative_disturbance__tail_path_length_m"":0.0,""loiter_positive_disturbance__loiter_negative_disturbance__tail_rms_horizontal_velocity_m_s"":0.0,""loiter_positive_disturbance__loiter_negative_disturbance__tail_rms_pitch_deg"":0.0,""loiter_positive_disturbance__loiter_negative_disturbance__tail_rms_pitch_rate_deg_s"":0.0,""loiter_positive_disturbance__loiter_negative_disturbance__vane_command_rms_deg"":0.0,""pitch_positive_recovery__pitch_negative_recovery__final_abs_position_error_m"":0.0,""pitch_positive_recovery__pitch_negative_recovery__moving_mass_rms_displacement_m"":0.0,""pitch_positive_recovery__pitch_negative_recovery__position_overshoot_m"":0.0,""pitch_positive_recovery__pitch_negative_recovery__tail_path_length_m"":0.0,""pitch_positive_recovery__pitch_negative_recovery__tail_rms_horizontal_velocity_m_s"":0.0,""pitch_positive_recovery__pitch_negative_recovery__tail_rms_pitch_deg"":0.0,""pitch_positive_recovery__pitch_negative_recovery__tail_rms_pitch_rate_deg_s"":0.0,""pitch_positive_recovery__pitch_negative_recovery__vane_command_rms_deg"":0.0}",
stage3_local,0.0025,gain=0.00250000,7,True,moving_mass_saturation; moving_mass_acceleration_limit,inf,1.599979260636422,1.5349739030038165,1.0666528404242814,1.0270475665765908,0.7215036643063957,33.80561276626928,9.942141985853976e-05,0.004861485797871268,0.0,"{""backward_1m"":0.9972891411484804,""forward_1m"":0.9972891411484804,""loiter_negative_disturbance"":1.0475368919326045,""loiter_positive_disturbance"":1.0475368919326045,""pitch_negative_recovery"":1.0666528404242814,""pitch_positive_recovery"":1.0666528404242814,""stick_release"":0.9663752190254024}","{""forward_1m__backward_1m__final_abs_position_error_m"":0.0,""forward_1m__backward_1m__moving_mass_rms_displacement_m"":0.0,""forward_1m__backward_1m__position_overshoot_m"":0.0,""forward_1m__backward_1m__tail_path_length_m"":0.0,""forward_1m__backward_1m__tail_rms_horizontal_velocity_m_s"":0.0,""forward_1m__backward_1m__tail_rms_pitch_deg"":0.0,""forward_1m__backward_1m__tail_rms_pitch_rate_deg_s"":0.0,""forward_1m__backward_1m__vane_command_rms_deg"":0.0,""loiter_positive_disturbance__loiter_negative_disturbance__final_abs_position_error_m"":0.0,""loiter_positive_disturbance__loiter_negative_disturbance__moving_mass_rms_displacement_m"":0.0,""loiter_positive_disturbance__loiter_negative_disturbance__position_overshoot_m"":0.0,""loiter_positive_disturbance__loiter_negative_disturbance__tail_path_length_m"":0.0,""loiter_positive_disturbance__loiter_negative_disturbance__tail_rms_horizontal_velocity_m_s"":0.0,""loiter_positive_disturbance__loiter_negative_disturbance__tail_rms_pitch_deg"":0.0,""loiter_positive_disturbance__loiter_negative_disturbance__tail_rms_pitch_rate_deg_s"":0.0,""loiter_positive_disturbance__loiter_negative_disturbance__vane_command_rms_deg"":0.0,""pitch_positive_recovery__pitch_negative_recovery__final_abs_position_error_m"":0.0,""pitch_positive_recovery__pitch_negative_recovery__moving_mass_rms_displacement_m"":0.0,""pitch_positive_recovery__pitch_negative_recovery__position_overshoot_m"":0.0,""pitch_positive_recovery__pitch_negative_recovery__tail_path_length_m"":0.0,""pitch_positive_recovery__pitch_negative_recovery__tail_rms_horizontal_velocity_m_s"":0.0,""pitch_positive_recovery__pitch_negative_recovery__tail_rms_pitch_deg"":0.0,""pitch_positive_recovery__pitch_negative_recovery__tail_rms_pitch_rate_deg_s"":0.0,""pitch_positive_recovery__pitch_negative_recovery__vane_command_rms_deg"":0.0}",
stage3_local,0.003,gain=0.00300000,7,True,moving_mass_saturation; moving_mass_acceleration_limit,inf,1.4498398299171895,1.4847308660947407,1.0017774980497216,0.9789043369389027,0.7198791154127591,33.71632231064082,0.0001174504784722918,0.005713171308973976,0.0,"{""backward_1m"":0.9574183423020916,""forward_1m"":0.9574183423020916,""loiter_negative_disturbance"":1.0017774980497216,""loiter_positive_disturbance"":1.0017774980497216,""pitch_negative_recovery"":0.9665598866114596,""pitch_positive_recovery"":0.9665598866114596,""stick_release"":1.0008189046457725}","{""forward_1m__backward_1m__final_abs_position_error_m"":0.0,""forward_1m__backward_1m__moving_mass_rms_displacement_m"":0.0,""forward_1m__backward_1m__position_overshoot_m"":0.0,""forward_1m__backward_1m__tail_path_length_m"":0.0,""forward_1m__backward_1m__tail_rms_horizontal_velocity_m_s"":0.0,""forward_1m__backward_1m__tail_rms_pitch_deg"":0.0,""forward_1m__backward_1m__tail_rms_pitch_rate_deg_s"":0.0,""forward_1m__backward_1m__vane_command_rms_deg"":0.0,""loiter_positive_disturbance__loiter_negative_disturbance__final_abs_position_error_m"":0.0,""loiter_positive_disturbance__loiter_negative_disturbance__moving_mass_rms_displacement_m"":0.0,""loiter_positive_disturbance__loiter_negative_disturbance__position_overshoot_m"":0.0,""loiter_positive_disturbance__loiter_negative_disturbance__tail_path_length_m"":0.0,""loiter_positive_disturbance__loiter_negative_disturbance__tail_rms_horizontal_velocity_m_s"":0.0,""loiter_positive_disturbance__loiter_negative_disturbance__tail_rms_pitch_deg"":0.0,""loiter_positive_disturbance__loiter_negative_disturbance__tail_rms_pitch_rate_deg_s"":0.0,""loiter_positive_disturbance__loiter_negative_disturbance__vane_command_rms_deg"":0.0,""pitch_positive_recovery__pitch_negative_recovery__final_abs_position_error_m"":0.0,""pitch_positive_recovery__pitch_negative_recovery__moving_mass_rms_displacement_m"":0.0,""pitch_positive_recovery__pitch_negative_recovery__position_overshoot_m"":0.0,""pitch_positive_recovery__pitch_negative_recovery__tail_path_length_m"":0.0,""pitch_positive_recovery__pitch_negative_recovery__tail_rms_horizontal_velocity_m_s"":0.0,""pitch_positive_recovery__pitch_negative_recovery__tail_rms_pitch_deg"":0.0,""pitch_positive_recovery__pitch_negative_recovery__tail_rms_pitch_rate_deg_s"":0.0,""pitch_positive_recovery__pitch_negative_recovery__vane_command_rms_deg"":0.0}",
stage3_local,0.0035,gain=0.00350000,7,True,moving_mass_saturation; moving_mass_acceleration_limit,inf,1.4992372620256742,1.5617093221477245,1.0624274699603415,1.0216372788388572,0.7192461144561041,33.24084411348541,0.00013589774416169562,0.00647285615856122,0.0,"{""backward_1m"":1.0228518232105779,""forward_1m"":1.0228518232105779,""loiter_negative_disturbance"":1.0221734097281354,""loiter_positive_disturbance"":1.0221734097281354,""pitch_negative_recovery"":0.9994915080171162,""pitch_positive_recovery"":0.9994915080171162,""stick_release"":1.0624274699603415}","{""forward_1m__backward_1m__final_abs_position_error_m"":0.0,""forward_1m__backward_1m__moving_mass_rms_displacement_m"":0.0,""forward_1m__backward_1m__position_overshoot_m"":0.0,""forward_1m__backward_1m__tail_path_length_m"":0.0,""forward_1m__backward_1m__tail_rms_horizontal_velocity_m_s"":0.0,""forward_1m__backward_1m__tail_rms_pitch_deg"":0.0,""forward_1m__backward_1m__tail_rms_pitch_rate_deg_s"":0.0,""forward_1m__backward_1m__vane_command_rms_deg"":0.0,""loiter_positive_disturbance__loiter_negative_disturbance__final_abs_position_error_m"":0.0,""loiter_positive_disturbance__loiter_negative_disturbance__moving_mass_rms_displacement_m"":0.0,""loiter_positive_disturbance__loiter_negative_disturbance__position_overshoot_m"":0.0,""loiter_positive_disturbance__loiter_negative_disturbance__tail_path_length_m"":0.0,""loiter_positive_disturbance__loiter_negative_disturbance__tail_rms_horizontal_velocity_m_s"":0.0,""loiter_positive_disturbance__loiter_negative_disturbance__tail_rms_pitch_deg"":0.0,""loiter_positive_disturbance__loiter_negative_disturbance__tail_rms_pitch_rate_deg_s"":0.0,""loiter_positive_disturbance__loiter_negative_disturbance__vane_command_rms_deg"":0.0,""pitch_positive_recovery__pitch_negative_recovery__final_abs_position_error_m"":0.0,""pitch_positive_recovery__pitch_negative_recovery__moving_mass_rms_displacement_m"":0.0,""pitch_positive_recovery__pitch_negative_recovery__position_overshoot_m"":0.0,""pitch_positive_recovery__pitch_negative_recovery__tail_path_length_m"":0.0,""pitch_positive_recovery__pitch_negative_recovery__tail_rms_horizontal_velocity_m_s"":0.0,""pitch_positive_recovery__pitch_negative_recovery__tail_rms_pitch_deg"":0.0,""pitch_positive_recovery__pitch_negative_recovery__tail_rms_pitch_rate_deg_s"":0.0,""pitch_positive_recovery__pitch_negative_recovery__vane_command_rms_deg"":0.0}",
stage3_local,0.004,gain=0.00400000,7,True,moving_mass_saturation; moving_mass_acceleration_limit,inf,1.7648031677268856,1.580074733195739,1.176535445151257,1.0780047301799165,0.7172450760009489,32.886495966380146,0.00015425917321751036,0.007258542648910503,0.0,"{""backward_1m"":1.0246211495974742,""forward_1m"":1.0246211495974742,""loiter_negative_disturbance"":1.0829645780087176,""loiter_positive_disturbance"":1.0829645780087176,""pitch_negative_recovery"":1.176535445151257,""pitch_positive_recovery"":1.176535445151257,""stick_release"":0.9777907657445174}","{""forward_1m__backward_1m__final_abs_position_error_m"":0.0,""forward_1m__backward_1m__moving_mass_rms_displacement_m"":0.0,""forward_1m__backward_1m__position_overshoot_m"":0.0,""forward_1m__backward_1m__tail_path_length_m"":0.0,""forward_1m__backward_1m__tail_rms_horizontal_velocity_m_s"":0.0,""forward_1m__backward_1m__tail_rms_pitch_deg"":0.0,""forward_1m__backward_1m__tail_rms_pitch_rate_deg_s"":0.0,""forward_1m__backward_1m__vane_command_rms_deg"":0.0,""loiter_positive_disturbance__loiter_negative_disturbance__final_abs_position_error_m"":0.0,""loiter_positive_disturbance__loiter_negative_disturbance__moving_mass_rms_displacement_m"":0.0,""loiter_positive_disturbance__loiter_negative_disturbance__position_overshoot_m"":0.0,""loiter_positive_disturbance__loiter_negative_disturbance__tail_path_length_m"":0.0,""loiter_positive_disturbance__loiter_negative_disturbance__tail_rms_horizontal_velocity_m_s"":0.0,""loiter_positive_disturbance__loiter_negative_disturbance__tail_rms_pitch_deg"":0.0,""loiter_positive_disturbance__loiter_negative_disturbance__tail_rms_pitch_rate_deg_s"":0.0,""loiter_positive_disturbance__loiter_negative_disturbance__vane_command_rms_deg"":0.0,""pitch_positive_recovery__pitch_negative_recovery__final_abs_position_error_m"":0.0,""pitch_positive_recovery__pitch_negative_recovery__moving_mass_rms_displacement_m"":0.0,""pitch_positive_recovery__pitch_negative_recovery__position_overshoot_m"":0.0,""pitch_positive_recovery__pitch_negative_recovery__tail_path_length_m"":0.0,""pitch_positive_recovery__pitch_negative_recovery__tail_rms_horizontal_velocity_m_s"":0.0,""pitch_positive_recovery__pitch_negative_recovery__tail_rms_pitch_deg"":0.0,""pitch_positive_recovery__pitch_negative_recovery__tail_rms_pitch_rate_deg_s"":0.0,""pitch_positive_recovery__pitch_negative_recovery__vane_command_rms_deg"":0.0}",
stage3_local,0.0045,gain=0.00450000,7,True,moving_mass_saturation; moving_mass_acceleration_limit,inf,1.5703692990348705,1.619787829348016,1.0896169405977374,1.066960361041747,0.715465591249493,32.94841897113552,0.00017268464879534315,0.008159268408167112,0.0,"{""backward_1m"":1.0896169405977374,""forward_1m"":1.0896169405977374,""loiter_negative_disturbance"":1.06946586826905,""loiter_positive_disturbance"":1.06946586826905,""pitch_negative_recovery"":1.046912866023247,""pitch_positive_recovery"":1.046912866023247,""stick_release"":1.0567311775121606}","{""forward_1m__backward_1m__final_abs_position_error_m"":0.0,""forward_1m__backward_1m__moving_mass_rms_displacement_m"":0.0,""forward_1m__backward_1m__position_overshoot_m"":0.0,""forward_1m__backward_1m__tail_path_length_m"":0.0,""forward_1m__backward_1m__tail_rms_horizontal_velocity_m_s"":0.0,""forward_1m__backward_1m__tail_rms_pitch_deg"":0.0,""forward_1m__backward_1m__tail_rms_pitch_rate_deg_s"":0.0,""forward_1m__backward_1m__vane_command_rms_deg"":0.0,""loiter_positive_disturbance__loiter_negative_disturbance__final_abs_position_error_m"":0.0,""loiter_positive_disturbance__loiter_negative_disturbance__moving_mass_rms_displacement_m"":0.0,""loiter_positive_disturbance__loiter_negative_disturbance__position_overshoot_m"":0.0,""loiter_positive_disturbance__loiter_negative_disturbance__tail_path_length_m"":0.0,""loiter_positive_disturbance__loiter_negative_disturbance__tail_rms_horizontal_velocity_m_s"":0.0,""loiter_positive_disturbance__loiter_negative_disturbance__tail_rms_pitch_deg"":0.0,""loiter_positive_disturbance__loiter_negative_disturbance__tail_rms_pitch_rate_deg_s"":0.0,""loiter_positive_disturbance__loiter_negative_disturbance__vane_command_rms_deg"":0.0,""pitch_positive_recovery__pitch_negative_recovery__final_abs_position_error_m"":0.0,""pitch_positive_recovery__pitch_negative_recovery__moving_mass_rms_displacement_m"":0.0,""pitch_positive_recovery__pitch_negative_recovery__position_overshoot_m"":0.0,""pitch_positive_recovery__pitch_negative_recovery__tail_path_length_m"":0.0,""pitch_positive_recovery__pitch_negative_recovery__tail_rms_horizontal_velocity_m_s"":0.0,""pitch_positive_recovery__pitch_negative_recovery__tail_rms_pitch_deg"":0.0,""pitch_positive_recovery__pitch_negative_recovery__tail_rms_pitch_rate_deg_s"":0.0,""pitch_positive_recovery__pitch_negative_recovery__vane_command_rms_deg"":0.0}",
stage3_local,0.005,gain=0.00500000,7,True,moving_mass_saturation; moving_mass_acceleration_limit,inf,1.6067980006656133,1.5823067054111224,1.0797285385370963,1.0506585021333839,0.7144184093790183,32.543069872365784,0.00018843105190779883,0.008829584942994512,0.0,"{""backward_1m"":1.046452914503842,""forward_1m"":1.046452914503842,""loiter_negative_disturbance"":1.0797285385370963,""loiter_positive_disturbance"":1.0797285385370963,""pitch_negative_recovery"":1.0711986671104088,""pitch_positive_recovery"":1.0711986671104088,""stick_release"":0.9598492746309946}","{""forward_1m__backward_1m__final_abs_position_error_m"":0.0,""forward_1m__backward_1m__moving_mass_rms_displacement_m"":0.0,""forward_1m__backward_1m__position_overshoot_m"":0.0,""forward_1m__backward_1m__tail_path_length_m"":0.0,""forward_1m__backward_1m__tail_rms_horizontal_velocity_m_s"":0.0,""forward_1m__backward_1m__tail_rms_pitch_deg"":0.0,""forward_1m__backward_1m__tail_rms_pitch_rate_deg_s"":0.0,""forward_1m__backward_1m__vane_command_rms_deg"":0.0,""loiter_positive_disturbance__loiter_negative_disturbance__final_abs_position_error_m"":0.0,""loiter_positive_disturbance__loiter_negative_disturbance__moving_mass_rms_displacement_m"":0.0,""loiter_positive_disturbance__loiter_negative_disturbance__position_overshoot_m"":0.0,""loiter_positive_disturbance__loiter_negative_disturbance__tail_path_length_m"":0.0,""loiter_positive_disturbance__loiter_negative_disturbance__tail_rms_horizontal_velocity_m_s"":0.0,""loiter_positive_disturbance__loiter_negative_disturbance__tail_rms_pitch_deg"":0.0,""loiter_positive_disturbance__loiter_negative_disturbance__tail_rms_pitch_rate_deg_s"":0.0,""loiter_positive_disturbance__loiter_negative_disturbance__vane_command_rms_deg"":0.0,""pitch_positive_recovery__pitch_negative_recovery__final_abs_position_error_m"":0.0,""pitch_positive_recovery__pitch_negative_recovery__moving_mass_rms_displacement_m"":0.0,""pitch_positive_recovery__pitch_negative_recovery__position_overshoot_m"":0.0,""pitch_positive_recovery__pitch_negative_recovery__tail_path_length_m"":0.0,""pitch_positive_recovery__pitch_negative_recovery__tail_rms_horizontal_velocity_m_s"":0.0,""pitch_positive_recovery__pitch_negative_recovery__tail_rms_pitch_deg"":0.0,""pitch_positive_recovery__pitch_negative_recovery__tail_rms_pitch_rate_deg_s"":0.0,""pitch_positive_recovery__pitch_negative_recovery__vane_command_rms_deg"":0.0}",
